,Hot Stitches,Cold Stitches
1er mai 2023,115,136
2 mai 2023,126,125
3 mai 2023,115,136
4 mai 2023,136,115
5 mai 2023,126,125
6 mai 2023,115,136
7 mai 2023,105,146
8 mai 2023,115,136
9 mai 2023,115,136
10 mai 2023,105,146
11 mai 2023,115,136
12 mai 2023,115,136
13 mai 2023,105,146
14 mai 2023,115,136
15 mai 2023,105,146
16 mai 2023,115,136
17 mai 2023,126,125
18 mai 2023,115,136
19 mai 2023,126,125
20 mai 2023,136,115
21 mai 2023,126,125
22 mai 2023,115,136
23 mai 2023,126,125
24 mai 2023,73,178
25 mai 2023,126,125
26 mai 2023,115,136
27 mai 2023,126,125
28 mai 2023,105,146
29 mai 2023,126,125
30 mai 2023,126,125
31 mai 2023,73,178
1er juin 2023,115,136
2 juin 2023,126,125
3 juin 2023,126,125
4 juin 2023,126,125
5 juin 2023,105,146
6 juin 2023,126,125
7 juin 2023,115,136
8 juin 2023,115,136
9 juin 2023,136,115
10 juin 2023,126,125
11 juin 2023,94,157
12 juin 2023,94,157
13 juin 2023,115,136
14 juin 2023,105,146
15 juin 2023,105,146
16 juin 2023,136,115
17 juin 2023,146,105
18 juin 2023,126,125
19 juin 2023,126,125
20 juin 2023,136,115
21 juin 2023,126,125
22 juin 2023,94,157
23 juin 2023,115,136
24 juin 2023,126,125
25 juin 2023,136,115
26 juin 2023,94,157
27 juin 2023,115,136
28 juin 2023,115,136
29 juin 2023,126,125
30 juin 2023,105,146
1er juillet 2023,115,136
2 juillet 2023,126,125
3 juillet 2023,126,125
4 juillet 2023,136,115
5 juillet 2023,126,125
6 juillet 2023,126,125
7 juillet 2023,115,136
8 juillet 2023,136,115
9 juillet 2023,126,125
10 juillet 2023,136,115
11 juillet 2023,115,136
12 juillet 2023,115,136
13 juillet 2023,115,136
14 juillet 2023,146,105
15 juillet 2023,105,146
16 juillet 2023,115,136
17 juillet 2023,136,115
18 juillet 2023,115,136
19 juillet 2023,115,136
20 juillet 2023,126,125
21 juillet 2023,115,136
22 juillet 2023,126,125
23 juillet 2023,136,115
24 juillet 2023,94,157
25 juillet 2023,115,136
26 juillet 2023,136,115
27 juillet 2023,136,115
28 juillet 2023,115,136
29 juillet 2023,126,125
30 juillet 2023,115,136
31 juillet 2023,126,125
1er aout 2023,105,146
2 aout 2023,115,136
3 aout 2023,105,146
4 aout 2023,126,125
5 aout 2023,126,125
6 aout 2023,115,136
7 aout 2023,126,125
8 aout 2023,126,125
9 aout 2023,126,125
10 aout 2023,126,125
11 aout 2023,126,125
12 aout 2023,126,125
13 aout 2023,126,125
14 aout 2023,115,136
15 aout 2023,126,125
16 aout 2023,115,136
17 aout 2023,126,125
18 aout 2023,115,136
19 aout 2023,126,125
20 aout 2023,126,125
21 aout 2023,115,136
22 aout 2023,126,125
23 aout 2023,126,125
24 aout 2023,115,136
25 aout 2023,115,136
26 aout 2023,126,125
27 aout 2023,105,146
28 aout 2023,126,125
29 aout 2023,105,146
30 aout 2023,126,125
31 aout 2023,115,136
